Title,Author
The world's most ridiculous* animals : *or are they? /,"Bunting, Philip"
Best bike rides Boston : great recreational rides in the metro area /,"Musgrave, Shawn."
Wild girls : how the outdoors shaped the women who challenged a nation /,"Miles, Tiya, 1970-"
Explore Europe on foot : your complete guide to planning a cultural hiking adventure /,"Overby, Cassandra"
Giant anteaters /,"Seiple, Samantha."
Knit your own zoo : easy-to-follow patterns for 24 animals /,"Muir, Sally"
Oddballs /,"Klungel, Johan"
The adventures of Dr. Sloth : Rebecca Cliffe and her quest to protect sloths /,"Eszterhas, Suzi"
For The Love Of Pawpaws : a Mini Manual for Growing and Caring for PawPaws - From Seed to ... Table /,"Judd, Michael, 1973-"
"The big book of climbing : an illustrated history of mountaineering, bouldering, and beyond /","Abadía, Ximo, 1983-"
Bird day : a story of 24 hours and 24 avian lives /,"Hauber, Mark E., 1972-"
"Medieval cats : claws, paws, and kitties of yore /","Nappington, Catherine"
The Ark of Taste : delicious and distinctive foods that define the United States /,"Lord, Giselle Kennedy"
The bucket list wild : 1000 adventures big and small animals birds fish nature /,"Stathers, Kath"
Pawpaw : in search of America's forgotten fruit /,"Moore, Andrew, 1985-"
"Tits, Boobies and Loons: And Other Birds Named by People Who Clearly Hate Birds","Royall, Stuart,"
"Complete national parks of the United States : 400+ parks, monuments, battlefields, historic sites, scenic trails, recreation areas, and seashores /","White, Mel, 1950-"
Footnotes from the most fascinating museums : stories and memorable moments from people who love museums /,"Eckstein, Bob"
Frog day : a story of 24 hours and 24 amphibian lives /,"Crump, Marty, 1946-"
"Belonging on an island : birds, extinction, and evolution in Hawaiʻi /","Lewis, Daniel, 1959-"
Rare birds : the extraordinary tale of the Bermuda petrel and the man who brought it back from extinction /,"Gehrman, Elizabeth, 1961-"
"The falcon thief : a true tale of adventure, treachery, and the hunt for the perfect bird /","Hammer, Joshua, 1957-"
Migrating birds : a colors book /,"Goodhart, Chloe"
A libertarian walks into a bear : the utopian plot to liberate an American town (and some bears) /,"Hongoltz-Hetling, Matthew,"
"What it's like to be a bird : from flying to nesting, eating to singing -- what birds are doing, and why /","Sibley, David, 1961-"
How Iceland changed the world : the big history of a small island /,"Egill Bjarnason,"
The seed keeper : a novel /,"Wilson, Diane, 1954-"
"Birding without borders : an obsession, a quest, and the biggest year in the world /","Strycker, Noah K.,"
"Unseen city : the majesty of pigeons, the discreet charm of snails & other wonders of the urban wilderness /","Johnson, Nathanael,"
Why peacocks? : an unlikely search for meaning in the world's most magnificent bird /,"Flynn, Sean, 1964-"
The genius of birds /,"Ackerman, Jennifer, 1959-"
The lost journals of Sacajewea : a novel /,"Earling, Debra Magpie,"
"World of wonders : in praise of fireflies, whale sharks, and other astonishments /","Nezhukumatathil, Aimee,"
Better living through birding : notes from a Black man in the natural world /,"Cooper, Christian,"
"Some assembly required : decoding four billion years of life, from ancient fossils to DNA /","Shubin, Neil,"
,
,
,
,
,
,
,
,
,
,
,
,
,
,
,
,
,
,
,
,
,
,
,
,
,
,
,
,
,
,
,
,
,